US,Dev_exUS,EM,BTC,EUNA,FinWood
0.5986600870424174,0.23323014254866964,0.0011334216232625639,0.020675415366656506,4.3164798992079145e-18,0.1463009334189939
