US,Dev_exUS,EM,BTC,EUNA,FinWood
0.4997047965760297,0.30471148893601596,0.19558371448795447,0.0,0.0,0.0
