US,Dev_exUS,EM,BTC,EUNA,FinWood
0.5308724051078337,0.2444304327077456,0.07895810514847834,0.020632973631946477,0.09999999999999995,0.02510608340399578
