US,Dev_exUS,EM,BTC,EUNA,FinWood
0.5650256831855895,0.22696209919345167,0.007091205427004848,0.014611286674341516,0.10000000000000002,0.08630972551961237
